patient_id,method,evaluation_width_mm,rmse_area_weighted,dice_voltage_le_0p1,observation_area_fraction,capacity_absolute_error
P1,graph,3.0,0.2276471357394035,0.8835398026259504,0.7086407561195163,0.1368760375586407
P1,graph,5.0,0.2649877399458203,0.836720079370918,0.6976645213058624,0.132127802238274
P1,graph,10.0,0.2936358410552455,0.7617519925899158,0.6703009444136676,0.2553687296465408
P1,passive,3.0,0.2274257435892436,0.8835398026259504,0.7086407561195163,0.1369131058164074
P1,passive,5.0,0.2649034514293268,0.8375794847644908,0.6976645213058624,0.1329207396389278
P1,passive,10.0,0.2935925086289247,0.7617519925899158,0.6703009444136676,0.255392618703668
P1,screened,3.0,0.2265967633011064,0.8835398026259504,0.7086407561195163,0.14328293850258
P1,screened,5.0,0.2643549211566056,0.8375794847644908,0.6976645213058624,0.1358329297027278
P1,screened,10.0,0.2929906591497867,0.7617519925899158,0.6703009444136676,0.2549652797599282
P3,graph,3.0,0.1957488549221689,0.887362498298046,0.6846616411811195,0.1691814935764098
P3,graph,5.0,0.2382153665760714,0.8467692023587368,0.6643663905300001,0.239225136008958
P3,graph,10.0,0.3261919433621029,0.3343047496038143,0.6164972724484455,0.5254924078403176
P3,passive,3.0,0.1954853131370129,0.8839189341980423,0.6846616411811195,0.1699033480736826
P3,passive,5.0,0.237925680642535,0.8480871665588428,0.6643663905300001,0.2398273819254559
P3,passive,10.0,0.3262569254482262,0.3343047496038143,0.6164972724484455,0.5253985531587292
P3,screened,3.0,0.1946789779526666,0.8852887740026876,0.6846616411811195,0.1777755252931569
P3,screened,5.0,0.23724945179927,0.8467692023587368,0.6643663905300001,0.2465878292330408
P3,screened,10.0,0.3269570732353638,0.3343047496038143,0.6164972724484455,0.5266399035399876
P4,graph,3.0,0.1630553596354523,0.687104609355174,0.7093981926388792,0.1541279734399083
P4,graph,5.0,0.182515543911694,0.6162754021647323,0.6948066566503923,0.1897964980248779
P4,graph,10.0,0.2033282010925766,0.3149887214842172,0.6552062037911949,0.2692376519966438
P4,passive,3.0,0.1628405626296779,0.687104609355174,0.7093981926388792,0.1542931976942098
P4,passive,5.0,0.1824595470008052,0.6162754021647323,0.6948066566503923,0.1905421465822692
P4,passive,10.0,0.2033113655696092,0.3149887214842172,0.6552062037911949,0.2691927117218777
P4,screened,3.0,0.1616169967805359,0.687104609355174,0.7093981926388792,0.1620266022964361
P4,screened,5.0,0.1825229790415984,0.6162754021647323,0.6948066566503923,0.1949772554093023
P4,screened,10.0,0.2033214045903542,0.3149887214842172,0.6552062037911949,0.2700979852007222
P5,graph,3.0,0.1865668816816863,0.6877717433255647,0.692246792977839,0.2017998371410463
P5,graph,5.0,0.205181491475952,0.5291819695163045,0.6755677005655942,0.2543736510825696
P5,graph,10.0,0.2221941513928101,0.3409634190526123,0.6301561297253451,0.3493555988136256
P5,passive,3.0,0.1866160380874736,0.6877717433255647,0.692246792977839,0.2020885336363595
P5,passive,5.0,0.2051397432648439,0.5350011911189083,0.6755677005655942,0.25474520602052
P5,passive,10.0,0.2222230534858814,0.3409634190526123,0.6301561297253451,0.3493001979103309
P5,screened,3.0,0.1861145877070623,0.6877717433255647,0.692246792977839,0.2092522930225086
P5,screened,5.0,0.2051072603478886,0.5350011911189083,0.6755677005655942,0.260678125511911
P5,screened,10.0,0.2226550897451777,0.3409634190526123,0.6301561297253451,0.3504528505457673
P6,graph,3.0,0.208701363790221,0.8109829549208968,0.7097744329673001,0.2131260548921946
P6,graph,5.0,0.2396984527956261,0.7562162237676502,0.6955700720977588,0.2632461316364848
P6,graph,10.0,0.2759817962243112,0.4937472672687986,0.662776509980461,0.3708322745114013
P6,passive,3.0,0.2085081379432484,0.8114610871706337,0.7097744329673001,0.2137826205663788
P6,passive,5.0,0.2396044396287863,0.7562162237676502,0.6955700720977588,0.2637185344203808
P6,passive,10.0,0.2759829186637356,0.4951478291153158,0.662776509980461,0.3707203831242766
P6,screened,3.0,0.2069437531867503,0.8123929556290019,0.7097744329673001,0.2196010477310886
P6,screened,5.0,0.2389968281624164,0.7562162237676502,0.6955700720977588,0.2672735977861707
P6,screened,10.0,0.2759791013197212,0.4951478291153158,0.662776509980461,0.3707084854810551
P7,graph,3.0,0.1754214404054296,0.9199223897131098,0.6982314666166484,0.1007592016800076
P7,graph,5.0,0.2113142603742309,0.919664372631255,0.6912521555497809,0.1367623404870682
P7,graph,10.0,0.2983157587302945,0.7424955088368026,0.6727104928184566,0.3482331704447819
P7,passive,3.0,0.175431090049779,0.9199223897131098,0.6982314666166484,0.1005703731735948
P7,passive,5.0,0.2109645679314767,0.919664372631255,0.6912521555497809,0.1371590533277174
P7,passive,10.0,0.2983115420793327,0.7424955088368026,0.6727104928184566,0.3480667698902083
P7,screened,3.0,0.1739773711098038,0.9199223897131098,0.6982314666166484,0.1045691290357824
P7,screened,5.0,0.2096617462648028,0.919664372631255,0.6912521555497809,0.1431085512453702
P7,screened,10.0,0.2982271660027766,0.7424955088368026,0.6727104928184566,0.3467322329226817
